<?xml version="1.0" encoding="UTF-8"?>
<!DOCTYPE mapper PUBLIC "-//mybatis.org//DTD Mapper 3.0//EN"
	"http://mybatis.org/dtd/mybatis-3-mapper.dtd">
	
<mapper namespace="himedia.hpm_spring.mappers.CommunityCommentMapper">
	<resultMap id="cCommentResultMap" type="himedia.hpm_spring.repository.vo.CommunityCommentVo">
    	<result property="id" column="id"/>
    	<result property="nickname" column="nickname"/>
    	<result property="content" column="content"/>
    	<result property="updateDate" column="update_date"/>
    	<result property="communitiesId" column="communities_id"/>
    	<result property="usersId" column="users_id"/>
    	<result property="parentId" column="parent_id"/>
	</resultMap>
	
	<!-- 전체 댓글 & 대댓글 조회 -->
	<select id="retrieveAllComments" parameterType="Long" resultMap="cCommentResultMap">
    SELECT community_comments.*, users.nickname
    FROM community_comments 
    JOIN users ON community_comments.users_id = users.id
    WHERE community_comments.communities_id = #{communityId}
    ORDER BY community_comments.update_date ASC;
	</select>

	<!-- 특정 댓글 조회 -->
	<select id="retrieveCommentById" parameterType="Long" resultMap="cCommentResultMap">
    SELECT community_comments.*, users.nickname 
    FROM community_comments 
    JOIN users ON community_comments.users_id = users.id 
    WHERE community_comments.id=#{id}
	</select>
	
	<!-- 특정 댓글의 모든 대댓글 조회 -->
	<select id="findRepliesByCommentId" parameterType="Long" resultMap="cCommentResultMap">
    SELECT community_comments.*, users.nickname
    FROM community_comments 
    JOIN users ON community_comments.users_id = users.id
    WHERE community_comments.parent_id = #{id}
    ORDER BY community_comments.update_date ASC;
	</select>

	<!-- 특정 대댓글 조회 -->
	<select id="findReplyById" parameterType="Long" resultMap="cCommentResultMap">
    SELECT community_comments.*, users.nickname
    FROM community_comments 
    JOIN users ON community_comments.users_id = users.id
    WHERE community_comments.id = #{id} AND community_comments.parent_id IS NOT NULL
    LIMIT 1;
	</select>
	
	<!-- 사용자의 댓글 + 대댓글 조회 -->
	<select id="retrieveMyComments" parameterType="Long" resultMap="cCommentResultMap">
	SELECT c.*
  	FROM community_comments c
  	JOIN communities co ON c.communities_id = co.id
  	WHERE c.users_id = #{userId}
  	ORDER BY c.update_date DESC
	</select>
	
    <!-- 댓글 생성 -->
    <insert id="createComment" parameterType="cCommentVo" useGeneratedKeys="true" keyProperty="id">
        INSERT INTO community_comments (content, update_date, communities_id, users_id, parent_id)
        VALUES (#{content}, #{updateDate}, #{communitiesId}, #{usersId}, #{parentId})
    </insert>

    <!-- 댓글 수정 -->
    <update id="updateComment" parameterType="cCommentVo">
        UPDATE community_comments SET content = #{content} WHERE id = #{id}
    </update>

    <!-- 댓글 삭제 -->
    <delete id="deleteComment" parameterType="Map">
    DELETE FROM community_comments 
    WHERE (id = #{id} AND users_id = #{usersId}) 
       OR (parent_id = #{id} AND users_id = #{usersId});
	</delete>

	<!-- communitiesId 기준 댓글 모두 삭제 -->
	<delete id="deleteCommentsByCommunitiesId" parameterType="Long">
    DELETE FROM community_comments WHERE communities_id = #{communitiesId}
	</delete>

    <!-- 대댓글 추가 -->
    <insert id="createReply" parameterType="cCommentVo" useGeneratedKeys="true" keyProperty="id">
        INSERT INTO community_comments (content, update_date, communities_id, users_id, parent_id)
        VALUES (#{content}, #{updateDate}, #{communitiesId}, #{usersId}, #{parentId})
    </insert>

    <!-- 대댓글 수정 -->
    <update id="updateReply" parameterType="cCommentVo">
        UPDATE community_comments 
        SET content = #{content} 
        WHERE id = #{id} AND parent_id IS NOT NULL
    </update>

    <!-- 대댓글 삭제 -->
    <delete id="deleteReply" parameterType="Map">
        DELETE FROM community_comments 
        WHERE id = #{id} AND parent_id IS NOT NULL AND users_id = #{usersId}
    </delete>

    


</mapper>