<?xml version="1.0" encoding="UTF-8"?>
<!DOCTYPE mapper PUBLIC "-//mybatis.org//DTD Mapper 3.0//EN"
        "http://mybatis.org/dtd/mybatis-3-mapper.dtd">
<mapper namespace="himedia.hpm_spring.mappers.CommunityPhotoMapper">

	<!-- 커뮤니티 사진 업로드 -->
    <insert id="insertPhoto" parameterType="CommunityPhotoVo">
        INSERT INTO community_photos (
            file_name, file_path, update_date, communities_id
        )
        VALUES (
            #{fileName}, #{filePath}, #{updateDate}, #{communitiesId}
        )
    </insert>
    

	<!-- 해당 ID 커뮤니티 사진 조회 -->
     <select id="selectAllPhotoByCommunityId" parameterType="Long" resultType="CommunityPhotoVo">
        SELECT 
            id,
            file_name as fileName,
            file_path as filePath,
            update_date as updateDate,
            communities_id as communitiesId
        FROM 
            community_photos
        WHERE 
            communities_id = #{communitiesId}
    </select> 
    
    <!-- photoId로 특정 사진 조회  -->
    <select id="findPhotoById" parameterType="Long" resultType="CommunityPhotoVo">
    	 SELECT 
    		id,
    		file_name AS fileName,
    		file_path AS filePath,
    		update_date AS updateDate,
    		communities_id AS communitiesId
  		FROM 
  			community_photos
  		WHERE 
  			id = #{photoId}
	</select>

	<!-- 해당 ID 커뮤니티 사진 삭제 -->
    <delete id="deletePhotoByCommunityId" parameterType="Long">
        DELETE FROM
        	community_photos 
        WHERE
        	communities_id = #{communitiesId}
    </delete>
    
    <!-- photoId로 개별 사진 삭제 -->
    <delete id="deletePhotoById" parameterType="Long">
  		DELETE FROM community_photos
  		WHERE id = #{photoId}
	</delete>

</mapper>