<?xml version="1.0" encoding="UTF-8"?>
<!DOCTYPE mapper PUBLIC "-//mybatis.org//DTD Mapper 3.0//EN" "http://mybatis.org/dtd/mybatis-3-mapper.dtd">

<mapper namespace="himedia.hpm_spring.mappers.MountainMapper">

	<select id="selectAllMountains" resultType="MountainVo">
		SELECT
		id,
		name,
		location,
		longitude,
		latitude,
		height,
		selection_reason,
		transportation_info
		FROM
		mountains;
	</select>

	<select id="selectMountainById" resultType="MountainVo">
		SELECT
		id,
		name,
		location,
		longitude,
		latitude,
		height,
		selection_reason,
		transportation_info
		FROM
		mountains
		WHERE
		id = #{id};
	</select>

	<select id="selectMountainByName" resultType="MountainVo">
		SELECT
		id,
		name,
		location,
		longitude,
		latitude,
		height,
		selection_reason,
		transportation_info
		FROM
		mountains
		WHERE
		name = #{name};
	</select>


	<select id="searchMountains" resultType="MountainVo">
		SELECT
		id,
		name,
		location,
		longitude,
		latitude,
		height,
		selection_reason,
		transportation_info
		FROM
		mountains
		WHERE
		name LIKE CONCAT('%', #{keyword}, '%')
		OR location LIKE CONCAT('%', #{keyword}, '%');
	</select>

</mapper>
