<?xml version="1.0" encoding="UTF-8"?>
<!DOCTYPE mapper PUBLIC "-//mybatis.org//DTD Mapper 3.0//EN"
        "http://mybatis.org/dtd/mybatis-3-mapper.dtd">
<mapper namespace="himedia.hpm_spring.mappers.MountainReviewPhotoMapper">

	<!-- 등산후기 사진 업로드 -->
    <insert id="insertPhoto" parameterType="mReviewPhotoVo" useGeneratedKeys="true" keyProperty="id">
        INSERT INTO review_photos (
            file_name, file_path, update_date, reviews_id
        )
        VALUES (
            #{fileName}, #{filePath}, #{updateDate}, #{reviewsId}
        )
    </insert>
    

	<!-- 해당 ID 등산후기 사진 조회 -->
     <select id="selectAllPhotoByReviewsId" parameterType="Long" resultType="mReviewPhotoVo">
        SELECT 
            id,
            file_name as fileName,
            file_path as filePath,
            update_date as updateDate,
            reviews_id as reviewsId
        FROM 
            review_photos
        WHERE 
            reviews_id = #{reviewsId}
    </select>
    
      <!-- photoId로 특정 사진 조회  -->
    <select id="findPhotoById" parameterType="Long" resultType="mReviewPhotoVo">
    	 SELECT 
    		id,
    		file_name AS fileName,
    		file_path AS filePath,
    		update_date AS updateDate,
    		reviews_id AS reviewsId
  		FROM 
  			review_photos
  		WHERE 
  			id = #{photoId}
	</select>
     
	<!-- 해당 ID 등산후기 사진 삭제 -->
    <delete id="deletePhotoByReviewsId" parameterType="Long">
        DELETE FROM
        	review_photos 
        WHERE
        	reviews_id = #{reviewsId}
    </delete>
    
    <!-- photoId로 개별 사진 삭제 -->
    <delete id="deletePhotoById" parameterType="Long">
  		DELETE FROM review_photos
  		WHERE id = #{photoId}
	</delete>

</mapper>