<?xml version="1.0" encoding="UTF-8"?>
<!DOCTYPE mapper PUBLIC "-//mybatis.org//DTD Mapper 3.0//EN"
	"http://mybatis.org/dtd/mybatis-3-mapper.dtd">
	
<mapper namespace="himedia.hpm_spring.mappers.MountainImageMapper">
	<resultMap id="MountainImageMap" type="himedia.hpm_spring.repository.vo.MountainImageVo">
    <result property="id" column="id"/>
    <result property="imageUrl" column="image_url"/>
    <result property="mountainsId" column="mountains_id"/>
    <result property="isRepresentative" column="is_representative"/>
  </resultMap>
  
	<!-- 산 대표 이미지 조회 -->
	<select id="findRepresentativeImage" parameterType="long" resultMap="MountainImageMap">
    SELECT id, image_url, mountains_id, is_representative
    FROM mountain_images
    WHERE mountains_id = #{mountainId}
      AND is_representative = true
    LIMIT 1
	</select>
	
	<!-- 산 Id 기반 모든 이미지 조회 -->
	<select id="findByMountainId" parameterType="long" resultMap="MountainImageMap">
    SELECT id, image_url, mountains_id, is_representative
    FROM mountain_images
    WHERE mountains_id = #{mountainId}
	</select>

	

</mapper>	