<?xml version="1.0" encoding="UTF-8"?>
<!DOCTYPE mapper PUBLIC "-//mybatis.org//DTD Mapper 3.0//EN"
	"http://mybatis.org/dtd/mybatis-3-mapper.dtd">

<mapper
	namespace="himedia.hpm_spring.mappers.MountainReviewLikeMapper">
	<resultMap id="mLikeResultMap"
		type="himedia.hpm_spring.repository.vo.MountainReviewLikeVo">
		<result property="id" column="id" />
		<result property="usersId" column="users_id" />
		<result property="reviewsId" column="reviews_id" />
		<result property="isLike" column="is_like" />
	</resultMap>

	<select id="selectLikeCount" parameterType="Long"
		resultType="int">
		SELECT COUNT(*) FROM review_likes
		WHERE reviews_id = #{reviewsId} AND is_like = TRUE
	</select>

	<select id="isLiked" parameterType="mLikeVo" resultType="int">
		SELECT COUNT(*) FROM review_likes
		WHERE users_id = #{usersId} AND reviews_id = #{reviewsId} AND is_like = TRUE
	</select>

	<select id="exists" parameterType="mLikeVo" resultType="int">
		SELECT COUNT(*) FROM review_likes
		WHERE users_id = #{usersId} AND reviews_id = #{reviewsId}
	</select>

	<insert id="insertLike" parameterType="mLikeVo">
		INSERT INTO review_likes (users_id, reviews_id, is_like)
		VALUES (#{usersId}, #{reviewsId}, TRUE)
	</insert>

	<update id="updateLike" parameterType="mLikeVo">
		UPDATE review_likes
		SET is_like = TRUE
		WHERE users_id = #{usersId} AND reviews_id = #{reviewsId}
	</update>

	<update id="cancelLike" parameterType="mLikeVo">
		UPDATE review_likes
		SET is_like = FALSE
		WHERE users_id = #{usersId} AND reviews_id = #{reviewsId}
	</update>

</mapper>