<?xml version="1.0" encoding="UTF-8"?>
<!DOCTYPE mapper PUBLIC "-//mybatis.org//DTD Mapper 3.0//EN"
	"http://mybatis.org/dtd/mybatis-3-mapper.dtd">
	
<mapper namespace="himedia.hpm_spring.mappers.RestaurantReviewCommentMapper">
	<resultMap id="rCommentResultMap" type="himedia.hpm_spring.repository.vo.RestaurantReviewCommentVo">
    	<result property="id" column="id"/>
    	<result property="nickname" column="nickname"/>
    	<result property="content" column="content"/>
    	<result property="updateDate" column="update_date"/>
    	<result property="restaurantsId" column="restaurants_id"/>
    	<result property="usersId" column="users_id"/>
    	<result property="parentId" column="parent_id"/>
	</resultMap>
	
	<!-- 전체 댓글 & 대댓글 조회 -->
	<select id="retrieveAllComments" parameterType="Long" resultMap="rCommentResultMap">
    SELECT restaurant_comments.*, users.nickname
    FROM restaurant_comments 
    JOIN users ON restaurant_comments.users_id = users.id
    WHERE restaurant_comments.restaurants_id = #{rReviewId}
    ORDER BY restaurant_comments.update_date ASC;
	</select>

	<!-- 특정 댓글 조회 -->
	<select id="retrieveCommentById" parameterType="Long" resultMap="rCommentResultMap">
    SELECT restaurant_comments.*, users.nickname 
    FROM restaurant_comments 
    JOIN users ON restaurant_comments.users_id = users.id 
    WHERE restaurant_comments.id=#{id}
	</select>
	
	<!-- 특정 댓글의 모든 대댓글 조회 -->
	<select id="findRepliesByCommentId" parameterType="Long" resultMap="rCommentResultMap">
    SELECT restaurant_comments.*, users.nickname
    FROM restaurant_comments 
    JOIN users ON restaurant_comments.users_id = users.id
    WHERE restaurant_comments.parent_id = #{id}
    ORDER BY restaurant_comments.update_date ASC;
	</select>

	<!-- 특정 대댓글 조회 -->
	<select id="findReplyById" parameterType="Long" resultMap="rCommentResultMap">
    SELECT restaurant_comments.*, users.nickname
    FROM restaurant_comments 
    JOIN users ON review_comments.users_id = users.id
    WHERE restaurant_comments.id = #{id} AND restaurant_comments.parent_id IS NOT NULL
    LIMIT 1;
	</select>
	
	<!-- 사용자의 댓글 + 대댓글 조회 -->
	<select id="retrieveMyComments" parameterType="Long" resultMap="rCommentResultMap">
	SELECT rc.*
  	FROM restaurant_comments rc
  	JOIN restaurants r ON rc.restaurants_id = r.id
  	WHERE rc.users_id = #{userId}
  	ORDER BY rc.update_date DESC
	</select>
	
    <!-- 댓글 생성 -->
    <insert id="createComment" parameterType="rCommentVo" useGeneratedKeys="true" keyProperty="id">
        INSERT INTO restaurant_comments (content, update_date, restaurants_id, users_id, parent_id)
        VALUES (#{content}, #{updateDate}, #{restaurantsId}, #{usersId}, #{parentId})
    </insert>

    <!-- 댓글 수정 -->
    <update id="updateComment" parameterType="rCommentVo">
        UPDATE restaurant_comments SET content = #{content} WHERE id = #{id}
    </update>

    <!-- 댓글 삭제 -->
    <delete id="deleteComment" parameterType="Map">
    DELETE FROM restaurant_comments 
    WHERE (id = #{id} AND users_id = #{usersId}) 
       OR (parent_id = #{id} AND users_id = #{usersId});
	</delete>
	
	<!-- restaurantsId 기준 댓글 모두 삭제 -->
	<delete id="deleteCommentsByRestaurantsId" parameterType="Long">
    DELETE FROM restaurant_comments WHERE restaurants_id = #{restaurantsId}
	</delete>

    <!-- 대댓글 추가 -->
    <insert id="createReply" parameterType="rCommentVo" useGeneratedKeys="true" keyProperty="id">
        INSERT INTO restaurant_comments (content, update_date, restaurants_id, users_id, parent_id)
        VALUES (#{content}, #{updateDate}, #{restaurantsId}, #{usersId}, #{parentId})
    </insert>

    <!-- 대댓글 수정 -->
    <update id="updateReply" parameterType="rCommentVo">
        UPDATE restaurant_comments 
        SET content = #{content} 
        WHERE id = #{id} AND parent_id IS NOT NULL
    </update>

    <!-- 대댓글 삭제 -->
    <delete id="deleteReply" parameterType="Map">
        DELETE FROM restaurant_comments 
        WHERE id = #{id} AND parent_id IS NOT NULL AND users_id = #{usersId}
    </delete>
</mapper>