<?xml version="1.0" encoding="UTF-8"?>
<!DOCTYPE mapper PUBLIC "-//mybatis.org//DTD Mapper 3.0//EN"
	"http://mybatis.org/dtd/mybatis-3-mapper.dtd">

<mapper
	namespace="himedia.hpm_spring.mappers.RestaurantReviewLikeMapper">
	<resultMap id="rLikeResultMap"
		type="himedia.hpm_spring.repository.vo.RestaurantReviewLikeVo">
		<result property="id" column="id" />
		<result property="usersId" column="users_id" />
		<result property="restaurantsId" column="restaurants_id" />
		<result property="isLike" column="is_like" />
	</resultMap>

	<select id="selectLikeCount" parameterType="Long"
		resultType="int">
		SELECT COUNT(*) FROM restaurant_likes
		WHERE restaurants_id = #{restaurantsId} AND is_like = TRUE
	</select>

	<select id="isLiked" parameterType="rLikeVo" resultType="int">
		SELECT COUNT(*) FROM restaurant_likes
		WHERE users_id = #{usersId} AND restaurants_id = #{restaurantsId} AND is_like = TRUE
	</select>

	<select id="exists" parameterType="rLikeVo" resultType="int">
		SELECT COUNT(*) FROM restaurant_likes
		WHERE users_id = #{usersId} AND restaurants_id = #{restaurantsId}
	</select>

	<insert id="insertLike" parameterType="rLikeVo">
		INSERT INTO restaurant_likes (users_id, restaurants_id, is_like)
		VALUES (#{usersId}, #{restaurantsId}, TRUE)
	</insert>

	<update id="updateLike" parameterType="rLikeVo">
		UPDATE restaurant_likes
		SET is_like = TRUE
		WHERE users_id = #{usersId} AND restaurants_id = #{restaurantsId}
	</update>

	<update id="cancelLike" parameterType="rLikeVo">
		UPDATE restaurant_likes
		SET is_like = FALSE
		WHERE users_id = #{usersId} AND restaurants_id = #{restaurantsId}
	</update>

</mapper>