<?xml version="1.0" encoding="UTF-8"?>
<!DOCTYPE mapper PUBLIC "-//mybatis.org//DTD Mapper 3.0//EN"
        "http://mybatis.org/dtd/mybatis-3-mapper.dtd">
<mapper namespace="himedia.hpm_spring.mappers.RestaurantReviewPhotoMapper">

	<!-- 맛집후기 사진 업로드 -->
    <insert id="insertPhoto" parameterType="rReviewPhotoVo" useGeneratedKeys="true" keyProperty="id">
        INSERT INTO restaurant_photos (
            file_name, file_path, update_date, restaurants_id
        )
        VALUES (
            #{fileName}, #{filePath}, #{updateDate}, #{restaurantsId}
        )
    </insert>
    

	<!-- 해당 ID 맛집후기 사진 조회 -->
     <select id="selectAllPhotoByRestaurantsId" parameterType="Long" resultType="rReviewPhotoVo">
        SELECT 
            id,
            file_name as fileName,
            file_path as filePath,
            update_date as updateDate,
            restaurants_id as restaurantsId
        FROM 
            restaurant_photos
        WHERE 
            restaurants_id = #{restaurantsId}
    </select> 
    
    <!-- photoId로 특정 사진 조회  -->
    <select id="findPhotoById" parameterType="Long" resultType="rReviewPhotoVo">
    	 SELECT 
    		id,
    		file_name AS fileName,
    		file_path AS filePath,
    		update_date AS updateDate,
    		restaurants_id AS restaurantsId
  		FROM 
  			restaurant_photos
  		WHERE 
  			id = #{photoId}
	</select>

	<!-- 해당 ID 맛집후기 사진 삭제 -->
    <delete id="deletePhotoByRestaurantsId" parameterType="Long">
        DELETE FROM
        	restaurant_photos 
        WHERE
        	restaurants_id = #{restaurantsId}
    </delete>
    
      <!-- photoId로 개별 사진 삭제 -->
    <delete id="deletePhotoById" parameterType="Long">
  		DELETE FROM restaurant_photos
  		WHERE id = #{photoId}
	</delete>

</mapper>