id,name,location,longitude,latitude,height,selection_reason,transportation_info
1,가리산,"강원도 춘천시 북산면ㆍ동면, 홍천군 두촌면ㆍ화촌면",127.9987161,37.8543712,1051m,"강원도에서 진달래가 가장 많이 피는 산으로 알려져 있고, 참나무 중심의 울창한 산림과 부드러운 산줄기 등 우리나라 산의 전형적인 모습을 갖추고 있으며, 홍천강의 발원지 및 소양강의 수원(水源)을 이루고 있는 점 등을 고려하여 선정암봉이 솟아있는 정상에서 소양호를 조망할 수 있고, 야생화가 많이 서식하여 자연학습관찰에도 좋은 여건을 갖추고 있음. "98년 강원도에서 자연휴양림으로 지정.","홍천에서 역내리, 천현리행 버스를 이용해 가리산자연휴양림에서 내린다. - 홍천→역내리 60분 간격 운행 - 홍천→천현리 1일 10회 운행"
2,가리왕산,"강원도 정선군 정선읍 회동리ㆍ북평면, 평창군 진부면",128.6228367,37.38041,1562m,"가리왕산 8경이 전해질 만큼 경관이 수려하고, 활엽수 극상림이 분포해 있으며, 전국적인 산나물 자생지로 유명. 특히 백두대간의 중심으로 주목군락지가 있어 산림유전자원보호림과 자연휴양림으로 지정되는 등 경관·생태적으로 가치가 큰 점에서 선정동강(東江)에 흘러드는 오대천과 조양강의 발원지이며 석회암 절리동굴인 얼음동굴이 유명. 산의 이름은 그 모습이 큰 가리(벼나 나무를 쌓은 더미)같다고 하여 유래","장평(장평시외버스터미널 ☎033-332-4209)과 정선(정선터미널 ☎033-563-1094)이 기점이다. 하안미 5리 백일동 버스종점에 가평매점(☎033-332-8622)이 있으니 출발 전에 문의하면 상세히 알 수 있다. - 장평→하안미리(가평행) 1일 5회 운행 - 정선→회동 1일 8회 운행"
3,가야산,"경상남도 합천군ㆍ거창군, 경상북도 성주군",128.0986933,35.7600327,1433m,"예로부터 우리나라의 12대 명산 또는 8경에 속하는 산으로서 72년 국립공원으로 지정되었으며, 특히 95년 세계문화유산으로 지정된 국보 팔만대장경과 해인사가 있는 등 역사·문화적 가치가 높은 점을 고려하여 선정,`가야국"이 있었던 곳으로 전해지며, `택리지"에서는 가야산의 기암괴봉을 불꽃에 비유하여 석화성(石火星)이라 하였음. 산위에서의 조망이 좋고, 특히 용문폭포와 홍류동 계곡 등이 유명","대구가 기점이다. 대구 대명11동에 있는 서부시외버스정류장(☎053-656-2824)에서 해인사행 직행버스가 1시간 간격으로 운행한다. 1시간 10분 소요. - 대구→해인사 1일 15회 운행"
4,가지산,"울산광역시, 경상북도 청도군, 경상남도 밀양시",129.0799101,35.5925447,1241m,"백두대간 남단의 중심으로 "영남알프스"에서 가장 높은 산으로 '79년 도립공원으로 지정되었음. 수량이 풍부한 폭포와 아름다운 소(沼)가 많고, 천연기념물 224호인 얼음골과 도의국사 사리탑인 "8각운당형부도(보물 제369호)"가 보존되어 있는 석남사(石南寺)가 소재하는 점 등을 고려하여 선정능선 곳곳에 바위봉과 억새밭이 어우러져 있고 전망이 좋으며 자연휴양림이 있...",NULL
5,감악산,"경기도 파주시 적성면, 양주시 남면, 연천군 신서면",126.9312493,37.9582312,675m,"예로부터 바위 봉우리가 검푸르게 보인데서 유래된 이름으로, 경기 5악(五岳) 중 하나이며, 정상 부근에 군사적 요충지였던 감악산성이 있고, 신라시대의 고찰인 운계사지와 조선시대의 화가인 김수철이 즐겨 찾았던 만폭동 계곡 등 역사·문화자원과 수려한 자연경관을 보유하고 있는 점 등을 고려하여 선정","기점은 의정부이다. 의정부역 앞에서 25번, 25-1번 버스가 20분 간격으로 운행한다. - 의정부→감악산 1일 40회 운행, 1시간 30분 소요"
6,강천산,"전라북도 순창군 팔덕면, 전라남도 담양군 용면",127.0675337,35.4087523,583m,"기암괴석과 맑은 계곡, 가을 단풍이 아름다운 산으로, 특히 병풍바위와 구름다리가 유명하며 가족 단위 등산객에게 인기가 많은 점 등을 고려하여 선정","순창이 기점이다. 순창공용버스터미널(☎063-653-2727)에서 강천사까지 군내버스가 1일 12회 운행한다. 20분 소요. - 순창→강천사 1일 12회 운행"
7,계룡산,"충청남도 공주시·계룡시·논산시, 대전광역시",127.2324566,36.3566131,845m,"신라 5악의 하나로 72년 국립공원으로 지정되었으며, 산세가 웅장하고 자연경관이 수려하며, 특히 정상 부근의 천황봉, 쌀개봉, 관음봉의 세 봉우리가 닭 볏을 쓴 용의 모습과 닮았다 하여 이름이 유래되었고, 동학사, 갑사 등 역사적인 사찰과 문화유적이 보존되어 있는 점 등을 고려하여 선정","대전이 기점이다. 대전역 광장이나 서부터미널에서 공주, 논산, 신탄진, 유성행 시내버스나 좌석버스를 이용해 계룡산 입구에서 하차한다. - 대전→공주 10분 간격 운행 - 대전→논산 20분 간격 운행 - 대전→신탄진 10분 간격 운행 - 대전→유성 5분 간격 운행"
8,계방산,"강원도 평창군 용평면, 홍천군 내면",128.4486696,37.7590568,1577m,"백두대간 상에 위치하며, 봄에는 철쭉, 가을에는 단풍이 아름답고 겨울에는 눈꽃 산행지로 유명하며, 정상 부근의 넓은 평원과 울창한 숲이 인상적인 점 등을 고려하여 선정","횡계나 진부가 기점이다. 횡계시외버스터미널(☎033-335-5309)이나 진부시외버스터미널(☎033-335-6309)에서 운두령 방면 버스를 이용, 노동계곡 입구에서 하차한다. - 횡계→운두령 1일 4회 운행 - 진부→운두령 1일 4회 운행"
9,공작산,"강원도 홍천군 동면",127.9925937,37.7141133,887m,"기암괴석과 울창한 숲, 맑은 계곡이 어우러져 아름다운 경관을 자랑하며, 특히 정상 부근의 공작꼬리처럼 펼쳐진 암릉이 인상적인 점 등을 고려하여 선정","홍천이 기점이다. 홍천버스터미널(☎033-432-7891)에서 공작산 방면 버스가 1일 4회 운행한다. 30분 소요. - 홍천→공작산 1일 4회 운행"
10,관악산,"서울특별시 관악구, 경기도 안양시, 과천시",126.9769343,37.4339806,629m,"서울의 남쪽 경계를 이루는 산으로, 험준한 암봉과 울창한 수림, 계곡 등이 어우러져 경관이 수려하고, 서울 시민들의 휴식 공간으로 이용되고 있는 점 등을 고려하여 선정","서울 지하철 2호선 서울대입구역, 사당역, 낙성대역, 신림역, 4호선 사당역, 1호선 안양역 등 다양한 접근 경로가 있다. 버스 노선도 다양하게 운행."
11,구병산,"충청북도 보은군 마로면, 괴산군 청천면, 경상북도 상주시 화북면",127.8709236,36.4758501,876m,"아홉 개의 봉우리가 병풍처럼 둘러싸여 아름다운 경관을 이루고 있으며, 특히 정상에서 바라보는 속리산의 조망이 뛰어난 점 등을 고려하여 선정","보은이나 상주가 기점이다. 보은시외버스터미널(☎043-543-2345)에서 적암리행 버스를 이용, 구병산 입구에서 하차한다. 상주시외버스터미널(☎054-535-3001)에서 화북행 버스를 이용, 어운리에서 하차한다. - 보은→적암리 1일 5회 운행 - 상주→화북 1일 10회 운행"
12,금산,"전라남도 고흥군 금산면",127.9800912,34.7338326,303m,"해안에 위치하여 기암괴석과 푸른 바다가 어우러진 아름다운 경관을 자랑하며, 특히 금산사와 쌍충사가 있는 등 역사적인 의미도 있는 점 등을 고려하여 선정","고흥이 기점이다. 고흥공용버스터미널(☎061-835-3542)에서 금산행 버스가 1일 8회 운행한다. 30분 소요. - 고흥→금산 1일 8회 운행"
13,금수산,"충청북도 제천시 수산면, 단양군 적성면",128.243191,36.9645663,1016m,"기암괴석과 푸른 숲, 맑은 계곡이 어우러져 아름다운 경관을 자랑하며, 특히 가을 단풍이 아름다운 산으로 알려져 있는 점 등을 고려하여 선정","제천이나 단양이 기점이다. 제천시외버스터미널(☎043-643-2616)에서 수산행 버스를 이용, 상천휴게소나 능강교에서 하차한다. 단양시외버스터미널(☎043-422-2355)에서 적성행 버스를 이용, 상리에서 하차한다. - 제천→수산 1일 10회 운행 - 단양→적성 1일 6회 운행"
14,금오산,"경상북도 구미시",128.3137018,36.111474,976m,"기암괴석과 울창한 숲, 폭포 등이 어우러져 아름다운 경관을 자랑하며, 특히 정상 부근의 마애보살입상과 해운사가 유명한 점 등을 고려하여 선정","구미가 기점이다. 구미역이나 구미종합터미널에서 금오산 방면 시내버스가 수시로 운행한다. 20분 소요."
15,금정산,"부산광역시 금정구, 동래구, 북구",129.0421716,35.286024,801m,"부산의 대표적인 산으로, 웅장한 산세와 울창한 숲, 계곡, 그리고 역사적인 사찰인 범어사가 있는 등 역사·문화적 가치와 자연 경관이 뛰어난 점 등을 고려하여 선정","부산 지하철 1호선 범어사역이나 동래역에서 버스 환승."
16,깃대봉,"전라남도 신안군 흑산면",127.3562603,34.2823347,368m,"흑산도의 최고봉으로, 정상에서의 다도해 조망이 아름답고, 주변의 자연 경관이 수려한 점 등을 고려하여 선정","목포항에서 흑산도행 여객선을 이용한다. 흑산도에서 도보 또는 택시 이용."
17,남산,"서울특별시 중구",126.9815177,37.5565076,262m,"서울의 중심부에 위치하여 접근성이 용이하고, 서울타워와 팔각정 등 다양한 볼거리를 제공하며, 서울 시민들의 대표적인 휴식 공간인 점 등을 고려하여 선정","서울 지하철 3, 4호선 충무로역, 4호선 명동역, 6호선 이태원역 등 다양한 경로로 접근 가능. 버스 노선 다수 운행, 케이블카 이용 가능."
18,내연산,"경상북도 포항시 송라면, 청송군 부동면",129.3207426,36.2447747,930m,"수많은 폭포와 소(沼)가 이어지는 아름다운 계곡과 기암괴석, 울창한 숲이 어우러져 경관이 수려하며, 특히 보경사와 주변의 자연 경관이 뛰어난 점 등을 고려하여 선정","포항이나 청송이 기점이다. 포항시외버스터미널(☎054-272-8535)에서 송라행 버스를 이용, 보경사 입구에서 하차한다. 청송시외버스터미널(☎054-873-2152)에서 보경사 방면 버스를 이용한다. - 포항→송라 1일 15회 운행 - 청송→보경사 1일 4회 운행"
19,내장산,"전라북도 정읍시, 순창군 복흥면",126.907707,35.4878051,779m,"가을 단풍이 아름답기로 유명하며, 기암괴봉과 울창한 숲, 폭포 등이 어우러져 경관이 수려하고, 내장사와 백양사 등 역사적인 사찰이 있는 점 등을 고려하여 선정","정읍이 기점이다. 정읍시외버스터미널(☎063-536-2685)에서 내장사행 시내버스가 수시로 운행한다. 30분 소요. - 정읍→내장사 수시 운행"
20,대둔산,"전라북도 완주군 운주면, 충청남도 금산군 진산면",127.3345133,36.1175639,878m,"기암괴석과 울창한 숲, 아름다운 계곡이 어우러져 빼어난 경관을 자랑하며, 특히 구름다리와 삼선계단이 유명한 점 등을 고려하여 선정","대전, 금산, 전주가 기점이다. 대전 서부터미널(☎042-581-3388)에서 진산행 버스를 이용, 대둔산 입구에서 하차한다."
21,대암산,"강원도 인제군 서화면, 양구군 동면",128.1786506,38.1681838,1304m,"평창강과 소양호의 분수령을 이루는 산으로, 정상 부근의 넓은 습지인 대암산 용늪은 희귀한 고산 식물들이 서식하는 생태학적으로 중요한 지역인 점 등을 고려하여 선정","인제나 양구가 기점이다. 인제시외버스터미널(☎033-461-2394)에서 서화행 버스를 이용, 서화에서 다시 대암산 입구 방면 버스를 갈아탄다. 양구시외버스터미널(☎033-481-2505)에서 해안(펀치볼)행 버스를 이용, 용늪 입구에서 하차한다. - 인제→서화 1일 10회 운행 - 양구→해안 1일 8회 운행"
22,대야산,"경상북도 문경시 가은읍, 충청북도 괴산군 청천면",128.0110513,36.6597531,931m,"기암괴봉과 울창한 숲, 맑은 계곡이 어우러져 아름다운 경관을 자랑하며, 특히 용추폭포와 월영대가 유명한 점 등을 고려하여 선정","문경이나 괴산이 기점이다. 문경시외버스터미널(☎054-552-2345)에서 가은행 버스를 이용, 다시 대야산 방면 버스로 갈아탄다. 괴산시외버스터미널(☎043-832-2469)에서 청천행 버스를 이용, 다시 대야산 방면 버스로 갈아탄다. - 문경→가은 수시 운행 - 괴산→청천 수시 운행"
23,덕숭산(수덕산),"충청남도 예산군 덕산면",126.6249059,36.6757394,495m,"기암괴석과 울창한 숲, 덕산온천과 수덕사가 있는 등 역사·문화적 가치와 자연 경관이 뛰어난 점 등을 고려하여 선정","예산이 기점이다. 예산시외버스터미널(☎041-335-2841)에서 덕산행 버스를 이용, 수덕사 입구에서 하차한다. - 예산→덕산 수시 운행"
24,덕유산(향적봉),"전라북도 무주군, 장수군, 경상남도 거창군, 함양군",127.7751598,35.900708,1614m,"백두대간의 중심부에 위치하며, 광활한 능선과 아름다운 계곡, 다양한 동식물이 서식하는 자연 생태계의 보고로서 학술적 가치가 높은 점 등을 고려하여 선정","무주나 장수가 기점이다. 무주시외버스터미널(☎063-322-2141)에서 구천동행 버스를 이용한다. 장수시외버스터미널(☎063-351-2350)에서 덕유산 방면 버스를 이용한다. - 무주→구천동 수시 운행 - 장수→덕유산 1일 4회 운행"
25,덕항산,"강원도 삼척시 신기면",129.0728591,37.3349138,1071m,"기암괴석과 울창한 숲, 맑은 계곡과 덕항산 자생식물원 등이 있는 아름다운 산으로, 특히 초암굴이 유명한 점 등을 고려하여 선정","삼척이 기점이다. 삼척시외버스터미널(☎033-572-2324)에서 신기행 버스를 이용, 다시 덕항산 방면 버스로 갈아탄다. - 삼척→신기 수시 운행"
26,도락산,"충청북도 단양군 대강면",128.3022925,36.8831988,964m,"기암괴석과 울창한 숲, 맑은 계곡이 어우러져 아름다운 경관을 자랑하며, 특히 채운봉, 검봉, 신선봉 등 다양한 봉우리가 이어지는 능선이 인상적인 점 등을 고려하여 선정","단양이 기점이다. 단양시외버스터미널(☎043-422-2355)에서 단성행 버스를 이용, 다시 도락산 방면 버스로 갈아탄다. - 단양→단성 수시 운행"
27,도봉산(자운봉),"서울특별시 도봉구, 경기도 양주시, 의정부시",127.0292193,37.6848459,740m,"기암괴봉과 울창한 수림, 맑은 계곡이 어우러져 아름다운 경관을 자랑하며, 서울 시민들의 휴식 공간으로 이용되고 있는 점 등을 고려하여 선정","서울 지하철 1호선 도봉산역, 망월사역, 회룡역, 7호선 도봉산역 등 다양한 경로로 접근 가능. 버스 노선 다수 운행."
28,두륜산,"전라남도 해남군",126.646569,34.4679383,703m,"기암괴석과 울창한 숲, 다도해 조망 등 빼어난 경관을 자랑하며, 특히 대흥사와 북미륵암 마애여래좌상이 유명한 점 등을 고려하여 선정","해남이 기점이다. 해남종합버스터미널(☎061-535-2685)에서 대흥사행 버스가 수시로 운행한다. 30분 소요. - 해남→대흥사 수시 운행"
29,두타산,"강원도 동해시 삼화동, 삼척시 미로면",127.5590817,36.8242255,1353m,"기암괴석과 폭포, 울창한 숲이 어우러져 아름다운 경관을 자랑하며, 특히 무릉계곡과 용추폭포가 유명한 점 등을 고려하여 선정","동해나 삼척이 기점이다. 동해시외버스터미널(☎033-534-2330)에서 무릉계곡행 버스가 수시로 운행한다. 삼척시외버스터미널(☎033-572-2324)에서 미로행 버스를 이용, 다시 두타산 방면 버스로 갈아탄다. - 동해→무릉계곡 수시 운행 - 삼척→미로 수시 운행"
30,마니산,"인천광역시 강화군 화도면",126.4281488,37.61806,472m,"서해를 조망할 수 있는 아름다운 산으로, 단군이 하늘에 제사를 지냈다는 참성단이 있는 등 역사적인 의미가 깊고 수도권에서 접근성이 좋은 점 등을 고려하여 선정","강화터미널이 기점이다. 강화터미널(☎032-933-2533)에서 화도면행 버스를 이용, 마니산 입구에서 하차한다. - 강화→화도면 수시 운행"
31,마이산,"전라북도 진안군",127.4007631,35.7442669,687m,"말의 귀를 닮은 독특한 모양의 두 봉우리와 주변의 기암괴석, 울창한 숲이 어우러져 아름다운 경관을 자랑하며, 특히 탑사와 은수사가 유명한 점 등을 고려하여 선정","진안이 기점이다. 진안시외버스터미널(☎063-435-2511)에서 마이산 방면 버스가 수시로 운행한다. 20분 소요. - 진안→마이산 수시 운행"
32,명성산,"경기도 포천시 이동면, 강원도 철원군 갈말읍",127.3286961,38.1874918,923m,"가을 억새가 아름답기로 유명하며, 기암괴석과 울창한 숲, 산정호수 등이 어우러져 경관이 수려한 점 등을 고려하여 선정","운천이나 철원이 기점이다. 운천시외버스터미널(☎031-532-7191)에서 산정호수행 버스를 이용한다. 철원시외버스터미널(☎033-452-2455)에서 산정호수 방면 버스를 이용한다. - 운천→산정호수 수시 운행 - 철원→산정호수 1일 6회 운행"
33,명지산,"경기도 가평군 북면",127.4941744,37.9445338,1267m,"수도권에서 비교적 높은 산으로, 울창한 숲과 계곡이 아름답고 정상에서의 조망이 뛰어난 점 등을 고려하여 선정","가평이 기점이다. 가평시외버스터미널(☎031-582-2324)에서 백둔리행 버스를 이용, 명지산 입구에서 하차한다. - 가평→백둔리 1일 6회 운행"
34,모악산,"전라북도 김제시 금산면, 완주군 구이면",127.1195436,35.7064683,794m,"기암괴석과 울창한 숲, 금산사와 귀신사 등 역사적인 사찰이 있는 등 역사·문화적 가치와 자연 경관이 뛰어난 점 등을 고려하여 선정","김제나 전주가 기점이다. 김제시외버스터미널(☎063-545-2506)에서 금산사행 버스를 이용한다. 전주시외버스터미널(☎063-272-8282)에서 금산사 방면 버스를 이용한다. - 김제→금산사 수시 운행 - 전주→금산사 수시 운행"
35,무등산,"광주광역시, 전라남도 담양군, 화순군",127.0043007,35.1266582,1187m,"광주를 대표하는 산으로, 웅장한 산세와 아름다운 계곡, 다양한 기암괴석과 철쭉 군락지가 유명하며, 특히 서석대와 입석대가 장관을 이루는 점 등을 고려하여 선정","광주광역시 시내버스 09, 29, 35, 51, 52, 54, 57, 58, 60, 67, 68, 70, 76, 77, 80, 81, 87, 91, 96, 98, 1187번 등 다양한 노선이 운행."
36,무학산,"경상남도 창원시 마산합포구, 마산회원구",128.5342049,35.2083953,761m,"창원 시민들의 대표적인 휴식 공간으로, 울창한 숲과 다양한 등산로, 정상에서의 조망이 뛰어난 점 등을 고려하여 선정","마산 시내버스 다수 운행."
37,미륵산,"경상남도 통영시 산양읍",128.4149924,34.8223235,461m,"통영 앞바다를 조망할 수 있는 아름다운 산으로, 정상까지 케이블카가 설치되어 있어 쉽게 오를 수 있으며 주변 경관이 뛰어난 점 등을 고려하여 선정","통영 시내버스 다수 운행, 미륵산 케이블카 이용."
38,민주지산,"충청북도 영동군 용화면, 학산면, 전라북도 무주군 설천면",127.7767867,36.0473361,1242m,"백두대간 상에 위치하며, 울창한 숲과 맑은 계곡, 다양한 야생화가 서식하는 아름다운 산으로, 특히 삼도봉이 유명한 점 등을 고려하여 선정","영동이나 무주가 기점이다. 영동시외버스터미널(☎043-744-6211)에서 용화행 버스를 이용한다. 무주시외버스터미널(☎063-322-2141)에서 설천행 버스를 이용한다. - 영동→용화 1일 5회 운행 - 무주→설천 수시 운행"
39,방장산,"전라북도 고창군 신림면, 전라남도 장성군 북이면",126.7957365,35.431755,743m,"울창한 숲과 기암괴석, 가을 단풍이 아름다운 산으로, 특히 방장산자연휴양림이 잘 조성되어 있는 점 등을 고려하여 선정","고창이나 장성이 기점이다. 고창공용버스터미널(☎063-563-2355)에서 신림행 버스를 이용한다. 장성공용버스터미널(☎061-393-5151)에서 북이면행 버스를 이용한다. - 고창→신림 1일 7회 운행 - 장성→북이면 1일 8회 운행"
40,방태산,"강원도 인제군 기린면",128.3416211,37.866666,1444m,"울창한 원시림과 맑은 계곡이 아름다운 산으로, 특히 이단폭포와 적가리골이 유명하며, 자연휴양림이 잘 조성되어 있는 점 등을 고려하여 선정","현리나 원통이 기점이다. 현리시외버스터미널(☎033-434-2038)에서 방태산자연휴양림행 버스를 이용한다. 원통시외버스터미널(☎033-461-2833)에서 방태산 방면 버스를 이용한다. - 현리→방태산자연휴양림 1일 4회 운행 - 원통→방태산 1일 2회 운행"
41,백덕산,"강원도 영월군 수주면, 평창군 방림면",128.2204946,37.3336502,1350m,"기암괴석과 울창한 숲, 맑은 계곡이 어우러져 아름다운 경관을 자랑하며, 정상에서의 조망이 뛰어난 점 등을 고려하여 선정","영월이나 평창이 기점이다. 영월시외버스터미널(☎033-374-2856)에서 수주행 버스를 이용한다. 평창시외버스터미널(☎033-332-7303)에서 방림행 버스를 이용한다. - 영월→수주 1일 6회 운행 - 평창→방림 1일 4회 운행"
42,백암산,"경상북도 울진군 온정면",129.3426667,36.7174758,1004m,"울창한 숲과 기암괴석, 백암온천으로 유명하며, 특히 신선계곡의 아름다운 경관이 뛰어난 점 등을 고려하여 선정","울진이 기점이다. 울진시외버스터미널(☎054-787-5282)에서 백암온천행 버스가 수시로 운행한다. 40분 소요. - 울진→백암온천 수시 운행"
43,백운산(광양),"전라남도 광양시 다압면, 옥룡면, 진상면",127.614292,35.05409,1222m,"섬진강을 끼고 웅장하게 솟아 있으며, 다양한 희귀 동식물이 서식하는 생태학적으로 중요한 지역이고, 특히 철쭉 군락지와 억새밭이 아름다운 점 등을 고려하여 선정","광양이나 하동이 기점이다. 광양시외버스터미널(☎061-762-2345)에서 백운사 방면 버스를 이용한다. 하동시외버스터미널(☎055-882-2365)에서 진상행 버스를 이용, 다시 백운산 방면 버스로 갈아탄다. - 광양→백운사 1일 4회 운행 - 하동→진상 수시 운행"
44,백운산(정선),"강원도 정선군 신동읍, 평창군 미탄면",128.615336,37.2989052,1426m,"백두대간 상에 위치하며, 울창한 숲과 맑은 계곡, 정상에서의 조망이 뛰어난 점 등을 고려하여 선정","정선이나 평창이 기점이다. 정선시외버스터미널(☎033-563-1094)에서 신동읍 고성리행 버스를 이용한다. 평창시외버스터미널(☎033-335-6309)에서 미탄행 버스를 이용, 다시 백운산 방면 버스로 갈아탄다. - 정선→고성리 1일 4회 운행 - 평창→미탄 1일 5회 운행"
45,백운산(포천),"경기도 포천시 이동면, 화현면",127.4006268,38.0763708,904m,"수도권에서 접근성이 좋고, 울창한 숲과 계곡이 아름다우며, 정상에서의 조망이 뛰어난 점 등을 고려하여 선정","포천이나 이동이 기점이다. 포천시외버스터미널(☎031-535-3500)에서 이동행 버스를 이용, 다시 백운계곡 방면 버스로 갈아탄다. 이동시외버스터미널(☎031-532-7115)에서 백운계곡행 버스를 이용한다. - 포천→이동 수시 운행 - 이동→백운계곡 수시 운행"
46,북한산(백운대),"서울특별시 강북구, 성북구, 종로구, 경기도 고양시",126.977597,37.659182,836m,"서울의 북쪽에 솟아 웅장한 산세를 자랑하며, 수려한 자연 경관과 역사 유적을 보유하고 있어 국립공원으로 지정되었고, 다양한 등산로가 있어 많은 시민들이 즐겨 찾는 명산인 점 등을 고려하여 선정","서울 지하철 3호선 구파발역, 불광역, 연신내역, 4호선 길음역, 수유역 등 다양한 역에서 버스 환승. 다양한 버스 노선 운행."
47,변산,"전라북도 부안군 변산면",126.5972214,35.6630072,509m,"해안을 따라 기암괴석과 아름다운 해변, 울창한 숲이 어우러져 빼어난 경관을 자랑하며, 특히 채석강과 고사포 해수욕장 등이 유명한 점 등을 고려하여 선정","부안이 기점이다. 부안시외버스터미널(☎063-584-2114)에서 변산온천이나 격포행 버스를 이용한다. - 부안→변산온천 수시 운행 - 부안→격포 수시 운행"
48,비슬산,"대구광역시 달성군, 경상북도 청도군",128.5144205,35.7224242,1084m,"정상 부근의 넓은 억새밭과 참꽃 군락지가 유명하며, 기암괴석과 울창한 숲, 아름다운 계곡이 어우러져 경관이 수려한 점 등을 고려하여 선정","대구 서부시외버스터미널(☎053-656-2824)에서 현풍행 버스를 이용, 다시 비슬산 방면 버스로 갈아탄다. - 대구→현풍 수시 운행"
49,삼악산,"강원도 춘천시 서면",127.6592833,37.8257677,654m,"기암괴석과 맑은 계곡, 춘천호를 조망할 수 있는 아름다운 산으로, 특히 등선폭포와 흥국사가 유명한 점 등을 고려하여 선정","춘천이 기점이다. 춘천시외버스터미널(☎033-254-0356)에서 강촌행 버스를 이용, 의암댐이나 등선교에서 하차한다. - 춘천→강촌 수시 운행"
50,서대산,"충청남도 금산군 진산면, 충청북도 옥천군 청성면",127.491653,36.2045852,904m,"기암괴석과 울창한 숲, 계곡이 아름다운 산으로, 특히 정상 부근의 낙조가 장관이며, 신라시대의 고찰인 영국사가 있는 점 등을 고려하여 선정","금산이나 옥천이 기점이다. 금산시외버스터미널(☎041-753-2225)에서 진산행 버스를 이용, 다시 서대산 방면 버스로 갈아탄다. 옥천시외버스터미널(☎043-732-9872)에서 청성행 버스를 이용, 다시 서대산 방면 버스로 갈아탄다. - 금산→진산 수시 운행 - 옥천→청성 수시 운행"
51,선운산,"전라북도 고창군 아산면, 부안면",126.5603704,35.5101474,336m,"기암괴석과 울창한 숲, 아름다운 계곡과 서해 바다 조망 등 다양한 경관을 즐길 수 있으며, 특히 선운사와 주변의 자연 경관이 뛰어난 점 등을 고려하여 선정","고창이 기점이다. 고창공용버스터미널(☎063-563-2355)에서 선운사행 버스가 수시로 운행한다. 30분 소요. - 고창→선운사 수시 운행"
52,설악산(대청봉),"강원도 속초시, 양양군, 인제군",128.4549028,38.0988937,1708m,"웅장한 산세와 기암괴석, 맑은 계곡, 다양한 동식물이 서식하는 자연 생태계의 보고로서 학술적 가치가 매우 높으며, 사계절 아름다운 경관을 자랑하는 우리나라 대표 명산인 점 등을 고려하여 선정","속초나 양양, 인제가 기점이다. 속초시외버스터미널(☎033-633-2328)에서 설악산(신흥사) 방면 버스가 수시로 운행한다. 양양시외버스터미널(☎033-671-4411)에서 오색이나 설악산 방면 버스를 이용한다. 인제시외버스터미널(☎033-461-2394)에서 백담사나 설악산 방면 버스를 이용한다. - 속초→설악산 수시 운행 - 양양→오색/설악산 수시 운행 - 인제→백담사/설악산 수시 운행"
53,성인봉,"경상북도 울릉군 울릉읍",130.870309,37.4938458,986m,"울릉도의 최고봉으로, 원시림과 다양한 희귀 식물이 서식하며, 정상에서의 울릉도 전경과 동해 조망이 뛰어난 점 등을 고려하여 선정","포항이나 묵호항에서 울릉도행 여객선을 이용한다. 울릉도 도동항에서 도보 또는 택시, 버스 이용."
54,소백산(비로봉),"충청북도 단양군, 경상북도 영주시, 봉화군",128.468242,36.9836032,1439m,"광활한 능선과 철쭉, 주목 군락지가 아름다운 산으로, 특히 겨울철 눈 덮인 능선이 장관을 이루는 점 등을 고려하여 선정","단양, 영주, 풍기가 기점이다. 단양시외버스터미널(☎043-422-2355)에서 희방사나 죽령 방면 버스를 이용한다. 영주시외버스터미널(☎054-634-2328)에서 희방사나 풍기 방면 버스를 이용한다. 풍기시외버스터미널(☎054-636-2377)에서 희방사 방면 버스를 이용한다. - 단양→희방사/죽령 수시 운행 - 영주→희방사/풍기 수시 운행 - 풍기→희방사 수시 운행"
55,소요산,"경기도 동두천시",127.0820074,37.944499,587m,"기암괴석과 울창한 숲, 가을 단풍이 아름다운 산으로, 특히 원효폭포와 백운암이 유명하며 수도권에서 접근성이 좋은 점 등을 고려하여 선정","서울 지하철 1호선 소요산역 하차."
56,속리산(천왕봉),"충청북도 보은군, 경상북도 상주시",127.8167815,36.517209,1058m,"기암괴봉과 울창한 숲, 아름다운 계곡과 역사적인 사찰인 법주사가 있는 등 역사·문화적 가치와 자연 경관이 뛰어난 점 등을 고려하여 선정","보은이나 상주가 기점이다. 보은시외버스터미널(☎043-543-2345)에서 법주사행 버스가 수시로 운행한다. 상주시외버스터미널(☎054-535-3001)에서 화북행 버스를 이용, 법주사 방면으로 갈아탄다. - 보은→법주사 수시 운행 - 상주→화북 수시 운행"
57,신불산,"울산광역시 울주군 상북면, 삼남면, 경상남도 밀양시 단장면",129.0799101,35.5925447,1159m,"영남알프스의 한 봉우리로, 넓은 억새평원과 기암괴석이 어우러져 아름다운 경관을 자랑하며, 특히 가을 억새가 장관을 이루는 점 등을 고려하여 선정","울산이나 밀양이 기점이다. 울산시외버스터미널(☎052-271-7782)에서 언양행 버스를 이용, 다시 신불산 방면 버스로 갈아탄다. 밀양시외버스터미널(☎055-354-2321)에서 석남사나 얼음골 방면 버스를 이용한다. - 울산→언양 수시 운행 - 밀양→석남사/얼음골 수시 운행"
58,연화산,"경상남도 고성군 개천면, 영현면",128.2863899,35.0967721,528m,"기암괴석과 울창한 숲, 아름다운 계곡과 연화사가 있는 등 자연 경관과 역사적 가치를 함께 지닌 점 등을 고려하여 선정","고성이 기점이다. 고성시외버스터미널(☎055-672-2058)에서 개천이나 영현행 버스를 이용, 연화산 도립공원 입구에서 하차한다. - 고성→개천/영현 수시 운행"
59,오대산(비로봉),"강원도 평창군 진부면, 홍천군 내면",128.6020438,37.7026702,1563m,"넓은 고원 지대에 위치하며, 울창한 숲과 다양한 사찰(월정사, 상원사 등)이 있는 등 역사·문화적 가치와 자연 경관이 뛰어난 점 등을 고려하여 선정","진부나 홍천이 기점이다. 진부시외버스터미널(☎033-335-6309)에서 월정사행 버스가 수시로 운행한다. 홍천시외버스터미널(☎033-432-7891)에서 내면행 버스를 이용, 다시 오대산 방면 버스로 갈아탄다. - 진부→월정사 수시 운행 - 홍천→내면 수시 운행"
60,오봉산,"강원도 춘천시 북산면",127.8186356,38.0255327,779m,"다섯 개의 봉우리가 아름다운 조화를 이루고 있으며, 춘천호와 어우러진 수려한 경관을 자랑하는 점 등을 고려하여 선정","춘천이 기점이다. 춘천시외버스터미널(☎033-254-0356)에서 배후령 방면 버스를 이용, 오봉산 입구에서 하차한다. - 춘천→배후령 1일 8회 운행"
61,용문산,"경기도 양평군 용문면",127.570823,37.5501859,1157m,"울창한 숲과 기암괴석, 용문사와 천년 은행나무가 유명하며 수도권에서 접근성이 좋은 점 등을 고려하여 선정","전철 경의중앙선 용문역 하차. 용문역 앞에서 용문산 방면 버스 환승."
62,용화산,"강원도 춘천시 북산면",127.7114868,38.0819313,878m,"기암괴석과 울창한 숲, 춘천호 조망이 아름다운 산으로, 특히 하늘벽 바위가 인상적인 점 등을 고려하여 선정","춘천이 기점이다. 춘천시외버스터미널(☎033-254-0356)에서 추곡이나 오탄행 버스를 이용, 용화산 입구에서 하차한다. - 춘천→추곡 1일 6회 운행 - 춘천→오탄 1일 5회 운행"
63,운문산,"경상북도 청도군 운문면, 울산광역시 울주군 상북면",128.9603883,35.6108856,1195m,"영남알프스의 한 봉우리로, 넓은 억새평원과 기암괴석, 운문사와 주변 계곡이 아름다운 점 등을 고려하여 선정","청도나 언양이 기점이다. 청도시외버스터미널(☎054-371-2350)에서 운문사행 버스를 이용한다. 언양시외버스터미널(☎052-262-1035)에서 석남사행 버스를 이용, 다시 운문산 방면으로 갈아탄다. - 청도→운문사 수시 운행 - 언양→석남사 수시 운행"
64,운악산,"경기도 가평군 하면, 포천시 화현면",127.2852465,37.8980804,936m,"기암괴봉과 울창한 숲, 계곡이 아름다운 산으로, 특히 궁예가 피신했던 곳으로 알려져 있으며 수도권에서 접근성이 좋은 점 등을 고려하여 선정","가평이나 포천이 기점이다. 가평시외버스터미널(☎031-582-2324)에서 현리행 버스를 이용, 운악산 입구에서 하차한다. 포천시외버스터미널(☎031-535-3500)에서 화현행 버스를 이용, 운악산 입구에서 하차한다. - 가평→현리 수시 운행 - 포천→화현 수시 운행"
65,운장산,"전라북도 진안군 주천면, 부귀면, 완주군 동상면",127.4380516,35.8904642,1126m,"울창한 숲과 기암괴석, 아름다운 계곡이 어우러져 경관이 수려하며, 특히 운장산 자연휴양림이 잘 조성되어 있는 점 등을 고려하여 선정","진안이나 전주가 기점이다. 진안시외버스터미널(☎063-435-2511)에서 주천행 버스를 이용, 운장산 자연휴양림 방면으로 갈아탄다. 전주시외버스터미널(☎063-272-8282)에서 진안행 버스를 이용, 다시 운장산 방면 버스로 갈아탄다. - 진안→주천 수시 운행 - 전주→진안 수시 운행"
66,월악산(영봉),"충청북도 제천시, 충주시",128.0784251,36.8871168,1097m,"험준한 암봉과 푸른 숲, 맑은 계곡이 어우러져 아름다운 경관을 자랑하며, 특히 정상 부근의 영봉과 하봉이 유명한 점 등을 고려하여 선정","제천이나 충주가 기점이다. 제천시외버스터미널(☎043-643-2616)에서 수산행 버스를 이용, 월악산 국립공원 입구에서 하차한다. 충주시외버스터미널(☎043-857-6000)에서 월악산 방면 버스를 이용한다. - 제천→수산 수시 운행 - 충주→월악산 수시 운행"
67,월출산(천황봉),"전라남도 영암군, 강진군",126.721715,34.7750814,809m,"기암괴봉과 넓은 억새밭, 가을 단풍이 아름다운 산으로, 특히 구름다리와 바람재가 유명한 점 등을 고려하여 선정","영암이나 강진이 기점이다. 영암터미널(☎061-472-2305)에서 월출산 방면 버스를 이용한다. 강진버스터미널(☎061-434-2288)에서 월출산 방면 버스를 이용한다. - 영암→월출산 수시 운행 - 강진→월출산 수시 운행"
68,유명산,"경기도 가평군 설악면",127.4991587,37.6533238,862m,"울창한 숲과 기암괴석, 계곡이 아름다운 산으로, 특히 패러글라이딩 활공장으로 유명하며 수도권에서 접근성이 좋은 점 등을 고려하여 선정","가평이 기점이다. 가평시외버스터미널(☎031-582-2324)에서 설악면행 버스를 이용, 유명산 입구에서 하차한다. - 가평→설악면 수시 운행"
69,응봉산,"서울특별시 성동구",127.0285853,37.5470795,95m,"서울 도심에 위치하여 접근성이 용이하고, 팔각정과 다양한 산책로, 봄에는 개나리와 벚꽃이 아름다운 곳으로 시민들의 휴식 공간으로 이용되는 점 등을 고려하여 선정","지하철 경의중앙선 응봉역 하차."
70,장안산,"전라북도 장수군",127.5799012,35.686964,1237m,"백두대간의 한 줄기로, 억새밭과 철쭉 군락지가 넓게 펼쳐져 있으며, 정상에서의 조망이 뛰어난 점 등을 고려하여 선정","장수가 기점이다. 장수시외버스터미널(☎063-351-2350)에서 번암행 버스를 이용, 방화동이나 무룡고개에서 하차한다. - 장수→번암 수시 운행"
71,재약산(사자봉),"경상남도 밀양시 단장면, 울산광역시 울주군 상북면",128.910683,35.5054772,1108m,"영남알프스의 한 봉우리로, 넓은 억새평원인 사자평과 기암괴석이 어우러져 아름다운 경관을 자랑하며, 특히 가을 억새가 장관을 이루는 점 등을 고려하여 선정","밀양이나 언양이 기점이다. 밀양시외버스터미널(☎055-354-2321)에서 표충사행 버스를 이용한다. 언양시외버스터미널(☎052-262-1035)에서 석남사행 버스를 이용, 다시 재약산 방면으로 갈아탄다. - 밀양→표충사 수시 운행 - 언양→석남사 수시 운행"
72,적상산,"전라북도 무주군 적상면",127.6728761,35.9348615,1034m,"기암괴벽과 울창한 숲, 가을 단풍이 아름다운 산으로, 특히 적상호와 안국사가 유명하며 역사적인 의미도 있는 점 등을 고려하여 선정","무주가 기점이다. 무주시외버스터미널(☎063-322-2141)에서 적상행 버스를 이용한다. - 무주→적상 1일 8회 운행"
73,점봉산,"강원도 인제군 기린면, 양양군 서면",128.4482749,37.9942272,1424m,"울창한 원시림과 다양한 희귀 식물이 서식하는 생태학적으로 중요한 지역이며, 가을 단풍이 아름다운 점 등을 고려하여 선정","현리나 원통이 기점이다. 현리시외버스터미널(☎033-434-2038)에서 진동리행 버스를 이용, 점봉산 입구에서 하차한다. 원통시외버스터미널(☎033-461-2833)에서 설피밭 방면 버스를 이용한다. - 현리→진동리 1일 4회 운행 - 원통→설피밭 1일 2회 운행"
74,조계산(송광산),"전라남도 순천시 승주읍",127.2475167,34.9888855,884m,"울창한 숲과 아름다운 계곡, 역사적인 사찰인 송광사와 선암사가 있는 등 역사·문화적 가치와 자연 경관이 뛰어난 점 등을 고려하여 선정","순천이 기점이다. 순천종합버스터미널(☎061-741-2655)에서 송광사나 선암사행 버스가 수시로 운행한다. - 순천→송광사 수시 운행 - 순천→선암사 수시 운행"
75,주왕산,"경상북도 청송군 부동면",129.1420728,36.3938585,720m,"기암괴석과 폭포, 소(沼)가 어우러져 아름다운 계곡미를 자랑하며, 특히 주방계곡과 용추폭포가 유명한 점 등을 고려하여 선정","청송이 기점이다. 청송시외버스터미널(☎054-873-2152)에서 주왕산행 버스가 수시로 운행한다. 1시간 소요. - 청송→주왕산 수시 운행"
76,주흘산,"경상북도 문경시 문경읍",128.1283639,36.7702163,1106m,"문경새재의 주봉으로, 험준한 산세와 울창한 숲, 역사적인 유적(문경새재)이 있는 등 역사·문화적 가치와 자연 경관이 뛰어난 점 등을 고려하여 선정","문경이 기점이다. 문경시외버스터미널(☎054-552-2345)에서 문경새재행 버스가 수시로 운행한다. 30분 소요. - 문경→문경새재 수시 운행"
77,지리산(천왕봉),"전라북도 남원시, 전라남도 구례군, 경상남도 산청군, 하동군, 함양군",127.7164239,35.3701337,1915m,"우리나라 최대의 산악형 국립공원으로, 웅장한 산세와 다양한 동식물, 역사적인 사찰 등 풍부한 자연·문화 자원을 보유하고 있는 점 등을 고려하여 선정","남원, 구례, 산청, 하동, 함양이 주요 기점이다. 각 지역 터미널에서 지리산 방면 버스가 수시로 운행한다."
78,지리산(통영),"경상남도 통영시 사량면",128.1848715,34.8463839,398m,"섬 산행의 묘미를 느낄 수 있는 곳으로, 기암괴석과 푸른 바다가 어우러져 아름다운 경관을 자랑하며, 특히 출렁다리가 유명한 점 등을 고려하여 선정","통영항에서 사량도행 여객선을 이용한다. 사량도 금평항 또는 진촌항에서 하차."
79,천관산,"전라남도 장흥군 관산읍",126.9396289,34.5522737,723m,"기암괴석과 억새밭, 다도해 조망 등 아름다운 경관을 자랑하며, 특히 가을 억새와 철쭉이 유명한 점 등을 고려하여 선정","장흥이 기점이다. 장흥버스터미널(☎061-863-9222)에서 관산읍행 버스를 이용, 천관산 입구에서 하차한다. - 장흥→관산읍 수시 운행"
80,천마산,"경기도 남양주시 화도읍",127.3159869,37.6528447,812m,"울창한 숲과 기암괴석, 계곡이 아름다운 산으로, 특히 스키장과 눈썰매장 등 겨울철 레저 시설이 잘 갖춰져 있고 수도권에서 접근성이 좋은 점 등을 고려하여 선정","전철 경춘선 마석역 하차. 마석역 앞에서 천마산 방면 버스 환승."
81,천성산,"경상남도 양산시 웅상읍",129.0847743,35.4621234,922m,"울창한 숲과 습지, 계곡이 아름다운 산으로, 특히 원효대사가 수도했다는 내원사와 홍룡폭포가 유명한 점 등을 고려하여 선정","양산이나 울산이 기점이다. 양산시외버스터미널(☎055-382-5511)에서 웅상읍행 버스를 이용, 다시 천성산 방면 버스로 갈아탄다. 울산시외버스터미널(☎052-271-7782)에서 웅상읍 방면 버스를 이용한다."
82,천태산,"충청북도 영동군 양산면, 충청남도 금산군 진산면",127.5811937,36.1578584,715m,"기암괴석과 울창한 숲, 아름다운 계곡과 영국사가 있는 등 자연 경관과 역사적 가치를 함께 지닌 점 등을 고려하여 선정","영동이나 금산이 기점이다. 영동시외버스터미널(☎043-744-6211)에서 양산행 버스를 이용, 천태산 입구에서 하차한다. 금산시외버스터미널(☎041-753-2225)에서 진산행 버스를 이용, 다시 천태산 방면 버스로 갈아탄다. - 영동→양산 수시 운행 - 금산→진산 수시 운행"
83,청량산,"경상북도 봉화군 명호면, 재산면",128.8949671,36.7886391,870m,"기암괴봉과 울창한 숲, 맑은 계곡이 어우러져 아름다운 경관을 자랑하며, 특히 김생굴과 총명수가 유명한 점 등을 고려하여 선정","봉화가 기점이다. 봉화시외버스터미널(☎054-673-4415)에서 명호행 버스를 이용, 청량산 입구에서 하차한다. - 봉화→명호 1일 10회 운행"
84,추월산,"전라남도 담양군 월산면",126.9505052,35.4063546,731m,"기암괴석과 맑은 호수가 어우러져 아름다운 경관을 자랑하며, 특히 가을 단풍이 아름다운 산으로 알려져 있는 점 등을 고려하여 선정","담양이 기점이다. 담양공용버스터미널(☎061-381-2929)에서 월산면행 버스를 이용, 추월산 입구에서 하차한다. - 담양→월산면 수시 운행"
85,축령산,"경기도 남양주시 수동면, 가평군 상면",127.3125247,37.7545266,886m,"울창한 잣나무 숲과 기암괴석이 아름다운 산으로, 특히 자연휴양림이 잘 조성되어 있어 가족 단위 등산객에게 인기가 많은 점 등을 고려하여 선정","마석이나 가평이 기점이다. 마석역 앞에서 축령산 방면 버스를 이용한다. 가평시외버스터미널(☎031-582-2324)에서 축령산 자연휴양림행 버스를 이용한다. - 마석→축령산 수시 운행 - 가평→축령산자연휴양림 1일 5회 운행"
86,치악산(비로봉),"강원도 원주시 신림면, 소초면",128.050415,37.4140916,1288m,"험준한 산세와 기암괴석, 가을 단풍이 아름다운 산으로, 특히 구룡사와 상원사가 유명하며 다양한 등산로가 있는 점 등을 고려하여 선정","원주가 기점이다. 원주시외버스터미널(☎033-762-3452)에서 구룡사나 신림 방면 버스를 이용한다. - 원주→구룡사 수시 운행 - 원주→신림 수시 운행"
87,칠갑산,"충청남도 청양군",126.8597007,36.4471771,561m,"충청남도의 대표적인 산으로, 울창한 숲과 아름다운 계곡, 칠갑저수지 등이 어우러져 있으며, 정상에서의 조망이 뛰어난 점 등을 고려하여 선정","청양이 기점이다. 청양시외버스터미널(☎041-943-2727)에서 칠갑산 방면 버스가 수시로 운행한다."
88,태백산(영봉),"강원도 태백시, 경상북도 봉화군",128.9063674,37.1114797,1567m,"웅장한 산세와 다양한 식생, 겨울철 눈꽃이 아름다운 산으로, 특히 천제단이 있는 정상에서의 조망이 뛰어난 점 등을 고려하여 선정","태백이 기점이다. 태백시외버스터미널(☎033-552-2348)에서 유일사나 당골행 버스를 이용한다."
89,태화산(영월),"강원도 영월군 영월읍",128.5107904,37.2019082,1027m,"울창한 숲과 기암괴석, 맑은 계곡이 어우러져 아름다운 경관을 자랑하며, 정상에서의 조망이 뛰어난 점 등을 고려하여 선정","영월이 기점이다. 영월시외버스터미널(☎033-374-2856)에서 김삿갓면 방면 버스를 이용, 태화산 입구에서 하차한다."
90,팔공산(비로봉),"대구광역시 동구, 경상북도 영천시, 군위군, 칠곡군",128.7072923,36.0121014,1193m,"웅장한 산세와 다양한 문화 유적(동화사, 갓바위 등)이 있는 역사적인 명산으로, 대구 시민들의 휴식 공간으로 이용되고 있는 점 등을 고려하여 선정","대구 시내버스 다수 운행, 팔공산 순환버스 이용."
91,팔봉산,"강원도 홍천군 서면",127.6949633,37.696109,327m,"여덟 개의 봉우리가 아름다운 조화를 이루고 있으며, 홍천강과 어우러진 수려한 경관을 자랑하는 점 등을 고려하여 선정","홍천이 기점이다. 홍천버스터미널(☎033-432-7891)에서 팔봉산 방면 버스가 수시로 운행한다."
92,팔영산,"전라남도 고흥군 영남면",127.4256431,34.6023284,609m,"여덟 개의 기암괴봉이 아름다운 경관을 이루고 있으며, 다도해 조망이 뛰어난 점 등을 고려하여 선정","고흥이 기점이다. 고흥공용버스터미널(☎061-835-3542)에서 영남면행 버스를 이용, 팔영산 입구에서 하차한다."
93,한라산(백록담),"제주특별자치도 제주시, 서귀포시",126.5354546,33.3469018,1950m,"우리나라 최고봉으로, 웅장한 산세와 다양한 식생, 백록담 등 빼어난 자연 경관을 자랑하며, 제주도를 대표하는 명산인 점 등을 고려하여 선정","제주국제공항에서 한라산 방면 버스 다수 운행."
94,화악산(중봉),"경기도 가평군 북면",127.4941744,37.9445338,1468m,"수도권에서 가장 높은 산으로, 울창한 숲과 계곡이 아름답고 정상에서의 조망이 뛰어난 점 등을 고려하여 선정","가평이 기점이다. 가평시외버스터미널(☎031-582-2324)에서 목동행 버스를 이용, 화악산 입구에서 하차한다."
95,화왕산,"경상남도 창녕군 창녕읍",128.560126,35.538756,756m,"정상 부근의 넓은 억새밭과 진달래 군락지가 아름다운 산으로, 특히 화왕산성과 가을 억새가 장관을 이루는 점 등을 고려하여 선정","창녕이 기점이다. 창녕시외버스터미널(☎055-533-2001)에서 화왕산 방면 버스를 이용한다."
96,황매산,"경상남도 합천군 가회면, 산청군 차황면",128.0025578,35.4850539,1108m,"봄에는 철쭉, 가을에는 억새가 아름다운 산으로, 산 아래의 황매평전에는 목장지대와 고산 철쭉 자생지가 있으며, 통일신라시대의 고찰인 염암사지(사적131호)가 유명","합천이나 산청이 기점이다. 합천시외버스터미널(☎055-931-2345)에서 가회면행 버스를 이용, 황매산 입구에서 하차한다. 산청시외버스터미널(☎055-973-2531)에서 차황면행 버스를 이용, 황매산 입구에서 하차한다."
97,황석산,"경상남도 함양군",127.7174426,35.6320297,1193m,"거망에서 황석으로 이어지는 능선에 있는 광활한 억새밭 등 경관이 아름답고 황석산성 등 역사적 유적이 있는 점 등을 고려하여 선정, 정유재란 당시 왜군에게 마지막까지 항거하던 사람들이 성이 무너지자 죽음을 당하고 부녀자들은 천길 절벽에서 몸을 날려 지금껏 황석산 북쪽 바위 벼랑이 핏빛이라는 전설이 있는 황석산성이 있음.","함양이 기점이다. 거창에서도 안의행 버스가 30분 간격, 용추사행 버스가 1시간 간격으로 운행한다. - 함양→안의 : 하루 12회 운행 함양→용추사 : 1시간 간격 운행"
98,황악산,"경상북도 김천시 대항면 운수리",127.9954633,36.1082123,1111m,"전체적인 산세는 특징 없이 완만한 편이나 산림이 울창하고 산 동쪽으로 흘러내리는 계곡은 곳곳에 폭포와 소를 이뤄 계곡미가 아름다운 점 등을 고려하여 선정, 특히 직지사 서쪽 200m 지점에 있는 천룡대부터 펼쳐지는 능여계곡은 대표적인 계곡으로 봄철에는 진달래, 벚꽃, 산목련이 유명.","김천이 기점이다. 김천역에서 직지사 입구까지 일반버스(11번)와 좌석버스(111번)가 06:00부터 22:40까지 10분 간격으로 운행한다. 20분 소요"
99,황장산,"경상북도 문경시 동로면",128.2722564,36.8051925,1079m,"울창한 산림이 암벽과 어우러져 경관이 아름다우며 황장목이 유명하고 조선시대 봉산 표지석이 있는 등 경관 및 산림문화적 측면을 고려하여 선정, 동국여지승람, 대동지지, 예천군 읍지 등에는 작성산으로 표기","출발점 : 점촌 점촌시외버스정류장→동로 : 1일 10회 운행 동로→생달 : 1일 4회 운행"
100,희양산,"경상북도 문경시 가은읍, 충청북도 괴산군 연풍면",128.0110513,36.6597531,996m,"산 전체가 하나의 바위처럼 보이고 바위 낭떠러지들이 하얗게 드러나 있어 주변의 산에서뿐만 아니라 먼 산에서도 쉽게 알아볼 수 있으며 기암괴석과 풍부한 수량이 어우러진 백운곡 등 경관이 수려하고 마애본좌상 등 역사유적이 있는 점 등을 고려하여 선정","기점은 연풍이다. 연풍에서 은티마을행 시내버스는 08:10, 13:10, 18:50 1일 3회 운행한다. 이 버스는 괴산(☎아성교통 043-834-3025)에서 출발한다. - 동서울→충주 : 1일 20회 운행 충주→연풍 :1일 15회 운행 - 동서울→괴산 1일 12회 운행"
